NEE_Wet,NEE_Moist,NEE_Dry,Is_Synthetic
-1.437417527,-1.864442947,0.138174796,False
-0.365737992,-0.134160032,1.240690128,False
-1.320116754,-0.707063834,0.284491432,False
-1.206656646,-0.97700261,0.47155824,False
-0.571311114,-0.830405531,-0.185645673,False
-1.057983545,-0.791544189,0.270283381,False
-1.001390874,-1.264608245,0.298038643,False
-0.559363987,-0.904094761,0.955311952,False
-0.873553741,-0.612551784,0.535343896,False
-1.311899596,-1.018838993,-0.68236568,False
-1.097213975,-0.627513345,0.602261883,False
-0.78997821,-0.918963497,0.362232086,False
-0.875095155,-0.810850144,0.295983404,False
-0.979768631,-0.482320981,0.194642013,False
-1.219140883,-1.444818633,-0.476163301,False
-0.867546507,-1.506487327,0.377782454,False
-0.532482951,-0.545404049,0.22935812,False
-1.06530944,-0.770664126,0.76955685,False
-1.469652946,-0.266519942,0.419758282,False
-0.958469313,-0.936851817,0.410955167,False
-0.69826914,-1.167226329,-0.277040466,False
-0.689885245,0.032262682,0.335364775,False
-0.941091208,-0.624137142,0.186918869,False
-0.577324916,-1.113801365,-0.925672201,False
-1.024457997,-0.753119713,-0.445492207,False
-0.761748153,-0.869400994,-0.621522764,False
-0.425986361,-0.943690152,-0.067242832,False
-0.403974218,-0.409419408,-0.083320441,False
-0.532482951,-0.362874162,0.095296475,False
0.170094407,-0.611016567,-0.297753772,False
-0.846096788,-0.939120224,-0.682563467,False
-0.584531308,-1.060441975,-0.508709541,False
-1.192761812,-0.585392631,-0.145810771,False
-0.660491853,-0.771342365,-0.135472111,False
-0.487851601,-0.171501241,-0.25651895,False
-0.925101979,-0.67080016,-0.593658141,False
-0.781280157,-0.875620126,-0.393055123,False
-0.403974218,-0.76568973,-0.368442563,False
-0.487688448,-0.695947064,-0.360152606,False
-0.489884315,-0.166640882,0.0,False
-0.607729505,-0.642008133,-0.389588155,False
-0.489884315,-0.420820961,-0.236667735,False
-0.365737992,-0.540228909,-0.125927484,False
-0.380874076,-0.528341231,-0.366671205,False
-0.640313528,-0.705920418,-0.300240899,False
-0.365737992,-1.399194273,-0.112503742,False
-0.425986361,-1.348128788,-0.309317025,False
-0.825227165,-1.51946544,-0.025185497,False
-1.19173009,-1.265788336,-0.130679465,False
-1.235360448,-1.485036732,-0.516302687,False
-0.939126508,-1.391830092,-0.743732795,False
-1.150163175,-1.464356749,0.037103634,False
-1.206101241,-1.319862598,0.0,False
-1.246328248,-1.490800714,-0.479493114,False
-0.515347587,-1.564463808,-0.804108382,False
-0.999304643,-1.758777183,-0.039203839,False
-0.500891506,-1.968115528,-0.509649914,False
-0.76677545,-1.52680079,0.0,False
-0.426123776,-1.943911623,0.101201997,False
-1.194827081,-1.786943145,0.283107046,False
-1.33386797,-1.606581698,0.229274868,False
-1.530849666,-1.762984784,0.027094422,False
-1.523496305,-1.640286209,-0.112061312,False
-0.958778496,-1.957135512,-0.387731578,False
-0.663605528,-1.504292123,-0.733714476,False
-0.759590138,-1.192997222,-0.11788956,False
-1.142622438,-1.291563944,-0.495622852,False
-1.086265221,-1.809498539,-1.006290482,False
-0.981814077,-0.966694392,0.129156394,False
-1.206101241,-1.337902738,-0.294315507,False
-0.946615979,-1.508824506,-0.468425909,False
-0.55378227,-0.749107088,0.493613302,False
-0.7665655983658956,-1.5548400588566407,-0.007900194664337402,True
-1.1675939445890215,-1.6354604978032012,0.207420850013107,True
-0.7382016867480398,-1.2172906843035094,-0.30004049159549673,True
-0.8773900221807918,-0.8398220684859866,0.155710202718841,True
-1.130501023596626,-1.0159467082642313,0.06853981003237992,True
-0.870584250817231,-0.4142807556070344,0.2185234602604777,True
-0.5434892816463999,-1.9332563500940263,-0.4839309430015691,True
-0.6074821708422058,-0.39900328397509666,0.17041478144350908,True
-0.89294814778079,-0.4016359631191147,-0.18865516977535876,True
-0.7873147931557316,-0.859292617866851,-0.36672074387893083,True
-0.9815296744322481,-1.1071580262604046,-0.3560209349793716,True
-1.3103568606204488,-0.7453160785504943,0.2186543669247188,True
-0.5659604544723447,-1.524239903879871,-0.062409921794409545,True
-0.5586795613861282,-0.5828720933321394,0.17962833064219386,True
-0.9612189645882604,-1.501062176207291,-0.4570585702893347,True
-0.9595694667647272,-0.9428696465930276,0.1289753841114074,True
-0.6498839121295723,-0.7879944719167833,0.4612378344117274,True
-0.4860840717767469,-0.20736408945565676,-0.22113225115751226,True
-1.1950612819875464,-0.5925897722835348,-0.08288070174218835,True
-0.48375620928487945,-0.7557521374057518,-0.2308470434370344,True
-0.8005160642105488,-0.9050966673738794,0.4572908037785848,True
-0.5487121059233631,-0.4024682339103949,0.038424669173285436,True
-1.393852061534643,-1.4970596567145757,0.029086308086457735,True
-0.929263272392342,-1.4122541067216634,-0.7193036297874826,True
-1.1450113898679024,-1.280925177640652,-0.1792015560171827,True
-0.5441018779672812,-0.7222154340448657,-0.3233819625583179,True
-1.0211205018005804,-0.7353967807260391,-0.3179462014185179,True
-0.9762334022790322,-0.9641289670113231,0.2361342086636865,True
-0.8746189204207783,-1.011082383164913,-0.6048200642200744,True
-0.8153711073089186,-0.6108437208742399,0.14220580654040965,True
-0.8943589580895615,-1.235655035282719,-0.4167006605016792,True
-0.44763958271760995,-0.3608127856759337,-0.0245051978630915,True
-0.4085692797693793,-0.40691920401710563,-0.09979808673062864,True
-0.46413811458637727,-0.25939982210118234,1.0619285292025529,True
-0.6708154535629671,-0.7527438646650051,-0.16057181955754946,True
-0.4858250734123697,-0.4431206566937542,-0.20411172770461197,True
-1.4642925070688877,-1.6531307956361891,-0.09610245809807717,True
-1.3628101330478033,-0.7455489473836452,-0.24549128382013755,True
-0.6602160049426915,-0.6039851810005593,-0.1756667897008931,True
-0.8090252865037111,-1.5813584783095722,0.32917953213456663,True
-0.9038106907016081,-1.0505647612127054,0.19614354423929417,True
-0.9594685048155903,-0.9054889123449742,0.14221745901215227,True
-0.6690379267889097,-1.4890854902479838,-0.7541092455498614,True
-1.1394061351732683,-1.1301417893312307,-0.16915431022848318,True
-0.8919661878973674,-1.453645833808696,-0.29823978792134287,True
-1.0140496067224791,-0.8807740932631942,0.6699110004075429,True
-0.7104020530943028,-1.1850575075791017,0.6347412453467947,True
-1.4506686018064394,-0.22987876693268366,0.43273087199426885,True
-0.9415410147664374,-0.7369364897526902,-0.41270318179725735,True
-0.9359036948481353,-1.3414184276444703,-0.7172479205126087,True
-0.6330422948142304,-0.6972477039068058,-0.31718073494824395,True
-0.955621685200017,-1.1501142914388551,0.1071482247436586,True
-1.4633538258545682,-0.28540039108943743,0.4058230324552297,True
-0.9210049231461784,-0.9220002602114079,0.390571585226725,True
-0.7751313320323191,-1.5076466372333552,-0.09069955844391572,True
-1.1869502294151422,-1.4634326578729127,-0.477287872339666,True
-1.214868581511536,-1.4816283692896006,-0.5162625215549419,True
-0.6129645582018003,-0.6370161519561263,-0.3766237332579065,True
-0.7793503758483644,-1.5706523256458835,-0.8286154766265144,True
-0.5785725345742097,-1.118960068887328,-0.5096857098706855,True
-1.295964475028084,-0.7198068249850195,0.3056741205006606,True
-1.4341244023863706,-1.8398826852002585,0.14644473642689887,True
-1.2333022415255512,-1.7660204000629571,0.2830756846189593,True
-0.4302326318338204,-0.33382707482351565,0.9979284408514434,True
-0.4031189107156996,-0.7707237300379135,-0.3508524968955687,True
-0.8809559940339166,-0.6827434264047089,-0.008020353462902238,True
-0.9239120772966914,-1.1528330960138904,0.2899321619305081,True
-0.5641601975500795,-0.9000707485783782,0.281644655891405,True
-1.0468813659189478,-0.8002786356780806,0.7250569950424334,True
-0.4025410814374688,-1.3456362964920403,-0.13604758512989668,True
-0.9556598810183059,-0.4874322027465893,0.18894172021060138,True
-0.5991501455173219,-0.7868967500796352,0.4773331644145308,True
-0.7857119898086977,-1.206401389881259,-0.16551048013644898,True
-0.9438165466263626,-0.724752385413583,-0.519548362315374,True
-0.5458790874353863,-0.8330543001374571,-0.5844188207525354,True
-0.5201277548339539,-0.702013365311355,0.41609673858066193,True
-0.7350829945674054,-1.332290210757323,-0.00013290424498564601,True
-1.0289844583017034,-0.8082699600904143,0.32416938298091624,True
-0.9832675497327257,-0.5206353364686285,0.20450509364657526,True
-1.5101107997706162,-1.7396712398130079,0.06801600771883796,True
-0.8171164845800952,-0.9211109132435406,-0.5629137934466668,True
-0.813087772516255,-0.7034442726357875,0.25177617077102327,True
-0.6679146387762069,-0.60294537154057,0.29655803293930766,True
-0.4036477865059436,-1.9432446941607726,0.11645400068755832,True
-1.2205240061567653,-1.2763748607877068,-0.02127879833458146,True
-0.7967257207766255,-1.3558979510793,0.30614724384018854,True
-0.7901043633257833,-1.2373498767927584,-0.15856814265096772,True
-0.5065479582835418,-0.7322938175280601,0.37984132427004647,True
-1.1666101549687766,-0.8673485757316022,0.5003325077510968,True
-0.7878577547862763,-0.8049793911499827,-0.12445300660392464,True
-0.6028477904581903,-0.8080346249814025,0.4302684807288958,True
-0.9685242348270081,-0.5271443314197204,0.13913491189851324,True
-1.0715773355894476,-0.6257822389342707,0.5601342904523291,True
-0.9149692231255647,-1.32794647069697,-0.10260044133560804,True
-0.8700912743772607,-1.3761630254130996,-0.4295153907248088,True
-1.0679990848653058,-0.7880574629701064,0.30221876017575605,True
-0.5317891116841805,-0.8343937347671938,-0.4667447957056927,True
-1.0311669169474815,-1.640334820601998,-0.20493551218060124,True
-1.3526154041431773,-1.4069743158961499,-0.14205155478936823,True
-0.5628104937339603,-0.8646936012073746,-0.18639107360036003,True
-0.6854466633308767,-0.8065237274611738,-0.1397964761781689,True
-0.44794000189126104,-0.5350316568710767,-0.2154392399425174,True
-0.5864876410474968,-0.6804228272138051,-0.2387330982503582,True
-0.9127369542929451,-1.2273915708109562,-0.13708856273095676,True
-0.5335843296783118,-0.5535970881481784,0.02027490682585812,True
-0.6266127333415382,-0.6546214308640498,-0.03556152156056079,True
-1.0169792466373224,-0.9574755093052357,-0.4525991521110122,True
-1.2792030131801015,-1.245158397549464,-0.014946731291371099,True
-1.5122287344597913,-1.7659392507713247,0.009874198480319209,True
-1.2045002553701187,-1.309505065492713,-0.008919981376287654,True
-1.1808831383618228,-1.4206062483776103,-0.464202699490163,True
-0.540839977607969,-1.9235551375347844,-0.503561890460994,True
-1.2343738908188029,-0.9797735988261655,0.37648954629454184,True
-1.4125333332023693,-0.34738641346597704,0.3823147322906177,True
-0.9226247614310149,-0.8970150888802597,0.10783231423936213,True
-1.1566638684657085,-1.483995739778623,0.01780787269802818,True
-0.45981876323412985,-0.5516109742041128,-0.20221282008146335,True
-1.0444109364433811,-1.3830401558119336,0.06739924445631047,True
-0.9290045079930731,-0.7119577920526879,-0.569494302314902,True
-0.6831409531768624,-0.663385384260376,-0.06845862831012078,True
-0.7246142532187897,-0.6946522148712797,-0.13339249379785337,True
-0.9690873439562498,-1.0382561736759173,0.2857197467473394,True
-0.945535618236356,-0.6827454262003518,-0.5752592147628569,True
-0.8451012559727784,-1.4129895023169956,0.0035928073523311954,True
-1.2326478847043867,-1.5058449261675149,-0.42771770274470483,True
-0.45074690467016804,-0.6507537026210097,-0.0531994990727514,True
-1.3418105750448255,-1.6099018446146842,0.20738978637057937,True
-1.2413145097175462,-1.4889718926740998,-0.4680805826026282,True
-1.0213721749907214,-0.7364841832426279,-0.44447714958219386,True
-0.4055000375177606,-0.5494866371546123,-0.38537069654963635,True
-0.548834086054282,-0.6295156746645558,-0.061262941188002,True
-1.1367083217768224,-1.4594569157273123,0.26152041765164846,True
-1.0189741182553846,-1.254215140955108,0.28084483410344296,True
-1.0284628219669103,-1.1926329760346763,0.15251109748035271,True
-0.4827127985606153,-0.44507339385953754,-0.2201536626357979,True
-0.38754829882644465,-1.3860081859292248,-0.1588879396770692,True
-1.1605383775382858,-1.2814701648728417,-0.04362293082984148,True
-0.41357321436278643,-0.8462126018925769,-0.059761866641183436,True
-0.6494725052307058,-1.255778094803738,-0.0751063871621002,True
-1.1969162122313535,-1.160939552583582,-0.26745275275628605,True
-0.5258838482404853,-1.3948944211159682,-0.2707571534154201,True
-0.5125727091426995,-0.3792239805806788,0.15451238558530728,True
-0.8794757935501281,-0.6708666703015777,0.09722580985917259,True
-0.6746126609523844,-1.3738821592144979,-0.6198507043416327,True
-0.5339476382632938,-0.659074146091856,0.6435644285521396,True
-0.566189256195472,-1.481630358498785,-0.6794609930367327,True
-0.8543310421613853,-0.7916413353832858,0.32855949263390954,True
-0.695866503157811,-0.8243144508447982,-0.11671970554984819,True
-1.0026134207482829,-0.7745850898683508,-0.47573962928003866,True
-0.8290007878401203,-1.2448098418349822,-0.5679437289818593,True
-0.5678885208054131,-0.42589753798770724,-0.029646029021988127,True
-0.6623466057987258,-1.4930749130876004,-0.7008950614067682,True
-0.42114403303250847,-0.6838593666536014,-0.3728014589855547,True
-0.6115464206582203,-1.1398954963329406,-0.7008664430990182,True
-0.675313498043066,-1.4495891858189134,-0.7091356670148016,True
-1.174837058127934,-1.0080671798733623,0.37225093731071707,True
-1.076620366832815,-1.3317753089516056,-0.40760076048660626,True
-0.6385502434324878,-0.7998943951887766,-0.14406074946311984,True
-0.7762155054956716,-0.8180097305884041,-0.2693073788012349,True
-0.7626091004737576,-1.5415420252066478,0.002531921610040458,True
-1.3064048284553218,-1.6348331880394524,0.17595793611510122,True
-1.208959470958936,-0.7378452033326878,0.16092725259287063,True
-1.1563562968197452,-0.6253288210569883,-0.04949118932360361,True
-1.2153954466768768,-0.9560206361798355,0.4440080008045979,True
-1.4138885432099,-1.7566702327426151,0.031909649690223404,True
-0.7004915243858758,0.030211998895838203,0.30333458754979414,True
-1.0044358684693313,-0.9876339929705896,0.13858100875215568,True
-1.123366457643703,-0.8430103018742847,0.03507735195035051,True
-1.4320971880907036,-0.25238844988863485,0.3955907188111756,True
-0.559845675698853,-0.7894405164481274,-0.17431555288267472,True
-0.3737823385481404,-0.14687991828951727,1.2001965971745538,True
-1.164032470327988,-1.422237169835664,0.022585476819180342,True
-0.7526949083034408,-0.9827008366233664,-0.3383302190584588,True
-0.45380304916187864,-0.5781977374426187,-0.2795396658734894,True
-1.1395120420294045,-1.177518852464797,-0.009406000155391933,True
-1.4943559992927085,-1.7268305348636261,0.004888954629988417,True
-1.25366986388143,-1.4493823449199896,-0.4844247496655414,True
-0.553089477681582,-0.5494367514420967,-0.24771410403454566,True
-0.8362898859735679,-0.717944018894203,-0.5121579592272286,True
-0.9434540853368705,-0.6392923478602862,0.23468460197915045,True
-1.4175912698844086,-1.8378140341372244,0.13422139041736225,True
-1.2256056390732304,-1.4585483592323387,-0.18005836827768268,True
-0.7799530261609047,-0.9029594257935913,-0.1308985405564469,True
-0.4838937955459563,-0.14994665566971369,-0.04255787632859566,True
-0.7796602023879109,-0.8865216312988561,-0.4128383883431235,True
-0.9274028861188278,-0.5896316189443103,0.13796922469950812,True
-0.8793581492096875,-1.7744403966852544,-0.35906495071090644,True
-0.5496114728426745,-0.520908581374401,0.21393951148946636,True
-1.2471110766092612,-1.6111858342716694,0.189941265536684,True
-0.7167730440952432,-0.7529030781311035,0.2021934337984921,True
-0.837068186551418,-0.9342525974548659,-0.6712557522002542,True
-0.41148462099075606,-0.4824057328066484,-0.3556573594093936,True
-0.9739257051837718,-0.9486846935078682,0.1053156402083496,True
-1.0176636008865192,-1.3868982291523493,0.21244802838735596,True
-1.0648030472297154,-1.395669539911025,-0.04839135797070547,True
-0.8116519741357388,-1.4870725106679648,-0.02129317172847931,True
-0.9380334563081566,-0.7355111076392576,0.3262522486102132,True
-0.6317917094069124,-0.7088126302983748,0.20168607380277354,True
-1.3122069576792508,-1.5577717933140591,0.16037107179566604,True
-1.0022079879997996,-0.8050425126447084,-0.19337126421857373,True
-1.1151026740720271,-1.3345129139086935,-0.46058495519084347,True
-0.8540241355698797,-0.8467428247099699,0.27304036170809715,True
-1.1710989794353892,-1.3168960063957384,-0.2245899206600231,True
-1.309152726349701,-0.9843658750478232,-0.5997766553916309,True
-0.9768054177397016,-0.5381798143929585,0.04205520236384891,True
-0.8603860578635772,-1.002805899679634,0.3228645822794973,True
-1.0995201977477957,-1.5702565986112815,-0.5166234845871575,True
-1.2400252840294623,-1.2033923742660984,-0.737447722545863,True
-0.6705192827104005,-0.5331919138436382,0.06925020120078791,True
-0.5197235969319633,-1.9159476390608916,-0.46911283391900155,True
-0.749568374682517,-1.024441194976437,-0.3531263735430603,True
-0.4567531087695896,-0.488857641056554,0.8785866269106781,True
-0.9862981297823878,-0.5356028272225141,0.16266090116028997,True
-1.074244862462546,-0.6913348525929548,0.4455845566127806,True
-0.9972310914014572,-1.9491280014923351,-0.3443727356066545,True
-0.7959759308951148,-0.9110860677876479,0.36598499232423554,True
-0.8736911613155433,-0.646128826722238,0.5499126362216094,True
-1.0502022842466459,-1.8857994138797776,-0.7655664015517208,True
-0.9675062720833905,-0.4101258197544587,0.2337307464970229,True
-0.4293935719232067,-0.9125586224717033,-0.3300512571915257,True
-0.42021799401105236,-1.3138113863446155,-0.3044940797848708,True
-1.1034101952991204,-0.9382788462732103,0.13943519355952272,True
-0.8257351302827199,-1.5564143060442635,-0.051451917490690724,True
-0.300232105000938,-0.8117069101653236,0.5054603153922864,True
-0.6879047916765647,-1.1485878505701,-0.2751340513050282,True
-0.9933711153343556,-1.114682488359842,0.30730269385927406,True
-1.207909709488007,-0.6926884415643406,0.22565719825916644,True
-1.0449747877397737,-0.9855049388557009,0.17532386790538965,True
-1.1345720342816978,-1.4604212761108453,0.022235030873996794,True
-1.349493630174081,-1.4611166995776952,-0.13155433192355803,True
-0.467865315848674,-1.42137132925855,-0.09023684069225747,True
-1.215672814122336,-1.10890945790609,0.21620635708852198,True
-0.774365816023796,-1.1879147486622978,-0.10939677159537374,True
-0.653128704416396,-0.9229417205543835,0.698205007556786,True
-0.5061668486376144,-1.6209735792926876,-0.48088964082184915,True
-1.204362947722951,-0.983478247110918,0.4620473050350117,True
-1.11817124677032,-0.6520883172479968,0.6167220630457283,True
-0.6181564373434132,-0.5461783375908723,-0.3166971442718015,True
-0.7523212304206522,-1.5198922995405761,-0.2308247496379222,True
-1.0346187355072087,-1.7662352332263807,-0.06109740278366535,True
-0.5526239921327073,-0.8746380511130478,-0.3355209675353711,True
-0.5920397629361714,-0.9266671554126273,-0.4276988802282064,True
-0.9170857671472076,-0.6432263803097765,0.19012936571790917,True
-0.9479079631161765,-1.9182741559178893,-0.35650558201814947,True
-0.5871592525563598,-0.9250912280277231,-0.288381591837295,True
-0.6581829101968959,-0.7840088056947769,-0.4830642947619676,True
-1.5033554851761746,-1.4909526912957547,-0.12062409176433642,True
-0.7527676234130422,-1.244554307985211,-0.4635303724050722,True
-1.0730010081036863,-1.6549402542572849,-0.1681018450331871,True
-0.8895894053674437,-1.6443204995170624,-0.14461980946251668,True
-1.3758028040294261,-1.7783351847078006,0.12410655550214883,True
-1.1755825172459757,-1.7157940221542458,0.2779598389517343,True
-0.9961285019783069,-1.2660182031198084,0.30147276804842166,True
-0.6300797744077161,-0.7048519860450142,-0.2778960407144883,True
-0.4785762433676796,-1.7978861500826513,0.10975220758170295,True
-1.4298855806362296,-1.8215009271854194,0.13152364608499154,True
-0.9406613212865861,-0.9428362470764512,0.41393331728563293,True
-0.7084482438663448,-1.0961620973264339,-0.4881796079643388,True
-0.9511294450134857,-1.1228514212303222,-0.02163745100204848,True
-0.5891684349836366,-0.9242629461217511,-0.3304549736527873,True
-0.9547467816149843,-0.7343353146030503,-0.5693483658173119,True
-0.4493937290406533,-1.1154776957091814,0.08785049361145505,True
-0.9842961772492607,-1.7519150668928605,-0.3889874083822318,True
-0.6163439351474737,-0.8204341850072986,-0.19802608871347363,True
-1.0697077461749869,-0.4500599979986491,0.11198094999559985,True
-1.145704595017648,-0.9494580054621973,0.001920933791334221,True
-0.37459825083666815,-0.1103421022672673,1.2222203305520156,True
-0.8566473153954584,-0.8193014145365626,-0.05584851850843209,True
-1.2101156275882337,-1.2673523081158369,-0.11598304481352582,True
-0.8709396952908484,-1.4879189261164596,0.3956061397293316,True
-1.0453681633037952,-1.1151496200784623,-0.4650767295296067,True
-0.9422175142465135,-1.4174949673326926,-0.5088294053355736,True
-0.9087338214980447,-0.428884358701849,0.296901778598304,True
-0.6490432372467575,-0.7613367284485554,-0.14079197878668478,True
-0.5037804473911424,-0.549973486334873,0.20629530079751407,True
-0.6431244011645258,-1.0265316095090113,-0.23508664255637018,True
-1.2604396943313114,-1.5056639386691477,-0.487743687444203,True
-0.8522797523840295,-0.8887315806902408,0.03312964612573046,True
-1.5149671433509138,-1.5986247725004188,-0.0839301980327216,True
-0.4339313672951817,-0.3835836258185048,-0.06976792712915052,True
-0.5321264183492727,-0.20905446330382,0.007796638172957575,True
-0.5865835660580185,-0.8795635954695193,0.9400324031285386,True
-1.155139396985857,-1.1212375593320645,0.2139087430448293,True
-0.6063086192798514,-0.9572569639798404,-0.4089258267344422,True
-0.8656122153567901,-1.501280501433196,0.37881052779192614,True
-0.4107516646800215,-0.7665941859533196,-0.3537931562184936,True
-0.8687803478985537,-0.6078971153238489,0.0490011949129524,True
-0.6080650062230881,-0.9853102305944119,-0.18690712639230392,True
-1.043144031747788,-1.2197295663803922,0.20816033723795813,True
-0.41888154006753836,-1.950629968526015,0.10836608927120527,True
-0.8795787161787291,-1.2989260208156272,-0.000986122264720224,True
-0.8775823327140639,-1.3300579304486828,-0.601881011865278,True
-1.242364449591683,-1.4485703556581546,-0.4613269783043108,True
-1.0922964854654034,-0.5183167594916529,0.005786322456417095,True
-0.5121941917063725,-0.6687389757836383,-0.3789970422890912,True
-0.6959914315631589,-1.2017287488196646,-0.27317375339124267,True
-1.164450555498222,-1.761298549679364,0.2569798311559842,True
-0.7967544914499521,-1.193106056830375,-0.6278008839276628,True
-0.8574178632177893,-0.8556136619912909,0.2641372087317676,True
-1.1431751927361864,-0.8174740903420873,0.2216043378818113,True
-1.081759196556986,-1.5601887869500763,-0.010981411438974728,True
-0.800963868267658,-0.8184828888576298,0.20541772126771543,True
-1.4520007367781074,-0.4100834094555319,0.34480685925972077,True
-0.47147902481998155,-1.072676462300312,-0.19605061880236047,True
-0.6003443956568372,-0.38723383183204646,0.1364475082613462,True
-0.9034682353750327,-1.1292825447449546,-0.46655441112694734,True
-0.7486314277259953,-1.5690337638053609,-0.014693076482592755,True
-1.0969893995698274,-1.4978445852752547,-0.2402666481403353,True
-1.1937513751979973,-0.9862079501979958,0.4766801173553836,True
-1.1600361209526533,-1.2901468565803715,-0.5444298507522253,True
-1.3288148510372715,-1.6639516270041521,0.2109518404190826,True
-0.5938356194865381,-0.8884306610173693,0.28316635836907555,True
-0.9968101981253233,-1.7519449658846964,-0.06875956278498545,True
-0.7755076495384516,-1.1763555428478079,-0.15366042112643777,True
-0.6702421772342971,-1.0375171014285445,-0.411882360846131,True
0.00833025927096218,-0.5981465200998476,-0.2518155184602583,True
0.09639499087185621,-0.634091056343487,-0.30691141208781614,True
-0.5538918512274026,-0.8161755789765093,0.4040507024425068,True
-1.4603132207578788,-1.5689443324635806,-0.14165948752540783,True
-0.8800252761244144,-1.397084003920172,0.37603304906138263,True
-1.1606869430890085,-1.2631456455929233,-0.08226578993317712,True
-1.2087283230487316,-1.3156766428095545,0.010181770009126484,True
-0.5549497449267256,-1.5423944427246719,-0.808984991572209,True
0.1220735534069734,-0.6678137069992769,-0.2757207806144509,True
-0.32664025827825016,-0.7156527368650547,-0.2366967148822996,True
-1.1534917698925597,-1.4875598212590824,0.038816418844000326,True
-1.0683685771608824,-0.8005204117704173,0.6630643153660454,True
-1.1278392973307427,-1.436115582504416,0.06206166647420831,True
-0.5363345688422178,-1.1905384940041845,-0.36132620956647077,True
-0.6759816212543527,-1.3527047570057806,-0.5252019011937131,True
-0.5780090375229883,-0.9564036239449383,-0.18738266854518823,True
-0.5988635743811168,-1.049613047825789,-0.9095189693613116,True
-1.5072430308595746,-1.5910059567069774,-0.11922051501086856,True
-1.1395935616062403,-1.3403445234501552,-0.5162568571007695,True
-0.505162096157558,-0.14554826404179444,0.01850301935187013,True
-1.2453982255645863,-1.4792995785815979,-0.478885553416647,True
-0.9648386190331936,-1.5050426360551823,-0.4575854997318528,True
-0.8896399064346223,-0.8219265184809509,-0.1578946643220178,True
-1.005316157831966,-0.4932391089988738,0.12736687523762152,True
-0.8269472121147569,-1.00415524293058,0.305947200272014,True
-0.9998360391551305,-0.7806725972311443,0.6602640644990398,True
-0.5561545298830676,-1.6575667272838344,-0.4335234764497219,True
-1.2029051247301719,-0.7590839145453084,0.19254816553079648,True
-0.7853022778661765,-1.5232248259667973,0.007891389618488417,True
-0.5752318327714057,-1.0201059696716963,-0.4681220231300118,True
-0.6613299751385305,-0.9539900349665654,-0.2046567847473786,True
-0.8787312213963125,-0.9597783860245079,-0.6369331043895686,True
-0.877905438859452,-1.4938989181515738,0.37409281640717584,True
-0.6074726691897429,-1.0130567342787828,-0.05476998573395377,True
-0.8831931043528117,-0.9861736259681652,-0.19214201665410685,True
-1.11490387259491,-1.2361230806401926,-0.6446090898521855,True
-1.301003637281373,-0.9902649461706795,-0.7196062009367741,True
-0.5417114395013142,-0.3197620513223728,1.0713352987130846,True
-0.38757937362312345,-0.1562858074343387,1.158000143683167,True
-0.868055096588575,-1.1940568685629316,0.21335897961185404,True
-0.9307537166257799,-1.5617088888876685,-0.3047525839127265,True
-1.211227090190681,-1.3369416125765723,-0.4478877067023493,True
-1.1058987724641176,-0.6407117802190407,0.5557880736030204,True
-0.7017187999057513,-1.2196508409250544,-0.2969420730601507,True
-0.40966937214619464,-0.80750681888676,-0.30863976896230555,True
-1.0215577603275245,-0.7265710321992414,0.663880253964209,True
-0.4704511252448779,-1.2387152205009853,-0.0424102100001836,True
-1.1448540206673734,-1.3869149630624225,-0.3439315166466432,True
-0.4889159188140485,-1.3807205603336477,-0.33449404495836016,True
-0.4136135005742286,-0.6240033939890282,0.4088319791283819,True
-0.9344152753237669,-1.5376487701330666,-0.4817950836010116,True
-1.1809689592001982,-1.2337892986285424,0.09192479022667378,True
-0.8737869989349125,-1.7827040961246885,-0.39098432538605116,True
-1.0164233341709763,-1.105338725549422,0.5177456700165874,True
-1.0536315338427698,-0.5931522377906356,0.541405796094455,True
-1.0537316611534542,-0.7980809500016284,0.6953259897669408,True
-1.1553238291691876,-0.6427219500764991,-0.16554095572080876,True
-0.9211266636098207,-1.0554443851334743,0.3115068213702462,True
-0.582654284188165,-1.5068721409090744,-0.1152629984217433,True
-0.42641195198928417,-0.4659616017682276,-0.14300381632163225,True
-0.9270901651997646,-0.9723464526314003,0.4363997913637531,True
-1.1575935402986537,-1.44836260699138,0.07208988896101322,True
-0.783594393684419,-0.8822582290855104,-0.1721433720823458,True
-0.40191513197554063,-0.5096788330966704,-0.10408092118837561,True
-0.6346066263979175,-0.7058677677950518,-0.184934928686131,True
-0.6920035899802306,-1.1108041410752505,-0.2516437945568581,True
-0.6161841451929503,-0.8298126213616916,0.1394952470529213,True
-1.2829255707510112,-1.6099599650531935,0.27653444236219754,True
-1.1796214217315368,-0.7875723037598793,0.428164618269714,True
-1.1238777767831016,-1.4101037190127645,0.07506916412715486,True
-0.9727438814120576,-1.5241544831875213,-0.8684725776556786,True
-1.0641386481826538,-0.7269640383970926,0.6547053643530386,True
-0.47632488651967675,-0.7692325164317227,-0.2794930537697848,True
-1.097823334563336,-1.104796423365092,0.1999746995637082,True
-0.7571425805750248,-0.8470615624772713,-0.12964537487892772,True
-0.6771683518789889,-0.8954898589756524,-0.13384048511865004,True
-0.9389119018142562,-1.4193430254133397,-0.691418448386128,True
-0.5566145162675196,-0.7555219402102686,0.4490013686997904,True
-0.7288225871064103,-1.0494773387847867,-0.2933781555792671,True
-0.4544166036361518,-0.4954179306205412,-0.018393639748038863,True
-0.6473137300455679,-1.0528816102067993,-0.749974369680421,True
-0.9092573971536424,-1.4334211527364076,-0.7086471413746608,True
-0.8417332464483288,-1.1192157591356424,0.33931700121353003,True
-0.9776878389947847,-1.4696081315623473,-0.6000136683157498,True
-1.441197397675319,-0.2509193997886544,0.4306345248920937,True
-0.3323262454570937,-1.3529890656329397,-0.11839581398009424,True
-0.8859364383861275,-1.4098145846800085,-0.2897924796884558,True
-0.8248849969033609,-0.8446888783137777,-0.4969837347195919,True
-0.4434626776151867,-0.9194847688243903,-0.06697797085487285,True
-1.3241206753379733,-0.7292684154471085,0.25731233607745935,True
-0.4370269614393308,-0.5854006993267642,-0.32979655795319024,True
-1.2040012574370342,-1.29648556676021,0.037584030764093536,True
-1.0008462671903038,-1.1787998651165685,0.07323557162324953,True
-0.9460346860811745,-1.2667979669763698,0.232743674227699,True
-1.11264447544775,-1.464591898874978,-0.0001440229800221543,True
-0.6222857332868912,-0.9075029312740635,0.5191563241654588,True
-1.2713410447215603,-1.6455500627123987,0.12975879674938218,True
-0.4062436013631928,-1.3819840570751867,-0.15964825010176165,True
-0.83733324333386,-1.3198578897978983,-0.17297370085794367,True
-1.002636294323251,-0.8848570965484873,-0.30123219543615043,True
-1.0060502397856093,-1.8812559835386873,-0.40306460022438134,True
-0.9574836969641841,-0.480793808468894,0.19897225502905322,True
-1.2170481308083945,-0.9630830412938477,0.4596403077923023,True
-1.1836446217562835,-0.9757917481240368,0.4454168265869513,True
-0.8886595735057994,-1.0314738107730534,-0.2858886772644503,True
-1.154879674602755,-1.2181393926685118,-0.10308726041406363,True
-0.5677159430621669,-1.761065747732264,-0.4371347673848601,True
-1.3090276712521876,-1.4854286039907902,-0.2701955277185397,True
-1.0112243392544125,-1.2369766769869284,0.026981568868898596,True
-0.9541758966312873,-0.5741456717652852,0.09777914602231566,True
-0.9562300465699047,-1.3946797271334654,-0.7201496651346431,True
-0.8991181435779425,-0.9014069026199737,0.22972681499826886,True
-0.5560852958672199,-0.8146087704647185,-0.2006807084377991,True
-0.44608341542780033,-1.3405892460130961,-0.29015708418314085,True
-1.076335175625346,-0.7885883117920601,0.681644216819118,True
-0.5805934317115384,-0.6324267582587755,-0.3770390427625372,True
-1.2065095202950886,-1.4379945758406638,-0.49295934694158483,True
-1.0059265628347542,-1.747954130442315,-0.6888486229998777,True
-0.675096120020279,-0.010471338813902227,0.37162049129401814,True
-0.9674441460761044,-0.6375580042181263,0.16889460924284386,True
-0.398666909157418,-1.962339154765026,0.09859565364977811,True
-0.9824707256172058,-1.0024492858852698,0.1642981989327441,True
-1.0904811018601361,-1.405405353972403,-0.4784188930144438,True
-0.6903996862857499,-0.9692480290182384,-0.5791069656925298,True
-0.7994353198961742,-1.0852166038733848,0.4105596706000528,True
-0.7694575085237149,-1.2616832876800788,-0.049702583265722966,True
-1.0198193368102035,-0.9855467438427113,-0.10646511796657049,True
-1.1454191567454963,-1.2636539039886086,-0.5049865244457941,True
-1.034215020313305,-0.8245550601677951,0.1818618298387475,True
-0.4501032354115357,-0.6526083268193041,-0.1733104189321759,True
-0.45868020490542083,-0.6985843337188409,-0.3693269303581219,True
-0.7247298912327516,-0.7875101123269703,-0.35545014462342495,True
-0.9148805815909351,-1.0769865526274556,-0.2119050303741946,True
-1.0271982290639785,-0.964969966603189,0.09018521108433968,True
-0.5309161404935387,-0.387443554196096,0.09422962240554564,True
-1.2271134412754587,-1.0956266712608673,-0.02374763296192768,True
-0.6029787896627739,-1.1353212796499714,-0.03209749597580949,True
-0.4428152157524258,-1.2482996512991231,-0.17364954416220166,True
-1.265494958610042,-1.34244305089631,-0.21045405896678562,True
-0.39670403265515364,-0.8169340253284411,-0.39831953403583953,True
-0.8941536293227109,-0.5127347774657685,0.41916171767990906,True
-0.4801555465063287,-0.21622238351675518,-0.1250888712646691,True
-1.1507104286516694,-1.2792582880039842,0.016787897809566993,True
-0.7064893141606648,-0.8503583490881688,0.2972882962696219,True
-0.6584323738606818,-0.4365193922762415,0.42275191611461344,True
-1.20851492449939,-0.5761775006153973,-0.033894947309747875,True
-0.9521622868072213,-1.2617163684690935,-0.47552840888549536,True
-1.477312001040435,-1.6393138093555515,-0.07029867284000896,True
-1.4959598543017423,-1.7409048325357637,0.012648246722241019,True
-0.7390001400860502,-1.178963733482919,-0.11716814636601197,True
-0.7565038125513068,-0.8738174377238171,-0.616712385200198,True
-1.1261639244885915,-0.4212796155057751,0.24884983369440786,True
-0.7542201328568938,-1.2192288035502759,0.28204811241255756,True
-0.9861127055439993,-0.8439999212432557,0.16506660817724214,True
-0.6375937793755819,-1.1079793388197319,-0.1355892575242379,True
-1.0028571585323411,-0.8087020421049713,-0.09616689652917183,True
-1.1730213859483114,-1.6764248593434659,0.36621781356628297,True
-0.7738343031000839,-0.9876193241607759,-0.4301061599081912,True
-0.8284302326275957,-1.0282992916326035,-0.6284857865734818,True
-0.6653465791006006,-0.3560681369620363,0.21907352681259407,True
-1.239633588510826,-1.3516334764308018,-0.2674428004114291,True
-0.701491432568512,-0.14010791403808023,0.4111034590636436,True
-1.1373605360311418,-0.6801379057737147,-0.18035860271305565,True
-0.9195347555110738,-0.9585462912521264,0.08738495054180563,True
-0.5067239710421009,-1.9486088974160873,-0.46248362229022005,True
-0.5554930618166903,-1.070184356508768,-0.8430422780067237,True
-1.175154035702725,-1.0902272499547119,0.1851039050024729,True
-1.1771339075048202,-1.3321351657318914,0.1941647572201361,True
-0.5149845837308732,-0.1845326015279041,-0.26912418154743756,True
-0.9411001405998342,-0.6982968636799042,-0.4726196625183211,True
-0.9886554491330473,-1.1075695895202378,0.4220750568520834,True
-0.8620590891324793,-0.854659580378214,0.45298565857812473,True
-0.922873465105146,-1.5364409777322114,-0.4831368670414624,True
-1.0131989844292904,-1.3491197528144447,0.21200538400319371,True
-1.249507166681227,-1.8029262101777395,0.07043064629973707,True
-1.1832714257754389,-0.3685429414502735,0.42627379467762816,True
-0.8232794224432035,-1.1740926106658995,-0.08747605134609596,True
-0.8948079924552248,-1.2859020186786503,-0.3209405888941593,True
-0.6704660423608735,-1.256251064038767,-0.6515780234819022,True
-0.8265162388115496,-0.6570556379867887,0.439504786982099,True
-1.247730804245962,-1.5005283954542945,-0.47790236750309784,True
-1.1300860410756128,-1.512740913570789,-0.06734293036490559,True
-0.9581276531474541,-0.6604656177724503,0.15276526176532043,True
-0.502624368379688,-0.15433634289693182,-0.250530344337633,True
-1.2821470869917027,-1.2151138518724924,0.03144268120482213,True
-0.5206763427975784,-1.004007077509091,-0.1488864865295132,True
-0.8802697724099849,-0.8218185123773849,0.3169182852400956,True
-0.5840677648815135,-0.5877288748691263,0.18184827462755143,True
-1.0758262914867165,-0.853278766270417,-0.39144409913229194,True
-0.7958290916823296,-1.252479024643575,-0.6722316891682347,True
-1.137720275358561,-0.9845670423676592,0.1899934880931092,True
-0.9695930764144927,-0.969727856730999,-0.37315752882939685,True
-0.403401899424621,-0.16130916759454073,0.8986093409608061,True
-1.2458318370036254,-0.8950769977322415,0.4624614798657739,True
-1.2548422847077498,-0.9939258676684856,-0.5884660153685687,True
-1.4708631805173356,-1.7010839346359523,0.14894517235340649,True
-0.4878085052989961,-0.5919439326822611,-0.34566273535043185,True
-0.6116621535535409,-1.2377943133016094,0.13144969543751542,True
-0.5464879102550667,-0.7614744258283487,0.4204907956549188,True
-0.7745043841813611,-1.0820954017489441,-0.2562242513127045,True
-0.8560692325574567,-0.67882293789846,0.4566022577981368,True
-0.8238370665916624,-1.0245962678999039,0.20791260903449144,True
-0.6941272412946115,-0.8685021617467295,0.24503810805885706,True
-0.4075995751875617,-1.9746929178496946,0.1026647750302187,True
-0.6127503573767837,-0.9194767502663381,-0.4914898679992874,True
-1.0530650666660524,-1.2830586564536504,-0.6090510366827571,True
-0.7524726482914015,-1.0964743420170207,0.07565500904907747,True
-1.104638612529667,-0.9415027051740419,0.46385974799182156,True
-1.3185268004003141,-1.608342555581284,-0.09599987821263396,True
-0.729222021249429,-0.8307236624308373,-0.14348952963652498,True
-1.3681034716669946,-1.8627115966150758,0.16100823352291907,True
-1.0159841029911352,-1.4320369550113279,-0.6445960000739626,True
-0.9971889755329877,-0.7758321313785527,0.28447402436480224,True
-0.4660726362849763,-0.41809323420996225,-0.2591083595988121,True
-1.0740805397340296,-1.8316467055240668,-0.9779076931513785,True
-0.47966451939649346,-1.2220940952667232,-0.6345521743500159,True
-1.1866979687136323,-0.7866707601519293,0.16044215432451572,True
-1.1867547458166603,-1.8354582049504817,0.27944033056373035,True
-1.020169652993928,-1.00907707447306,0.021483750690475773,True
-1.0528513610121768,-0.8567401507312502,-0.38872138680335594,True
-0.7649348471294676,-0.8607203527988918,-0.3268165657923814,True
-0.8989384808571701,-0.6251153777761737,-0.560764006352335,True
-0.8136201507540399,-0.1680355670310965,0.33913371648743856,True
-0.9128493486132054,-0.6791357461487526,-0.6174920565647204,True
-0.7376139265964989,-0.9150118437060235,-0.03597544859330567,True
-0.39905386088674677,-0.5526387855411945,-0.1332774990328919,True
-1.0888080935380766,-1.72516389383184,-0.9884120085848309,True
-1.3344535579697536,-1.2405023150099042,0.31583672403720175,True
-0.6609898039472646,-1.5430680640459498,0.06115444878246504,True
-0.4391007066934357,-0.7865115470075228,-0.4055026768136294,True
-1.193596779978826,-1.3445645722563684,-0.2272749652965574,True
-1.0641965845882762,-0.6161464861511665,0.39030489052115364,True
-1.1492974724057579,-1.7904029293640014,-0.5712708186682469,True
-1.044168372656607,-0.7725224122759686,0.7644997143526655,True
-0.9299887529356766,-0.9044031421304564,0.426025900305794,True
-1.0037679733091043,-1.4700653591526187,0.10904932986400347,True
-0.9796535542149312,-1.2526602536248077,-0.08636862948007652,True
-0.4833517317178765,-0.5547874973373679,-0.3328172043123254,True
-0.8329521153894498,-0.9479739814095416,-0.6941670588679231,True
-0.5366497057003139,-0.29799927881959365,-0.24125268348479062,True
-1.2837112563497284,-1.5253505754030576,0.21670393384319972,True
-0.8168664576384509,-0.5206073463352823,0.41576968495427297,True
-0.5980651912409662,-1.0901405104401,-0.5241667007061306,True
-1.0370012788281302,-1.7697488450935832,-0.9422808795956864,True
-0.5823952653376163,-1.0976420499671604,-0.17576254232674882,True
-0.3717164771107089,-0.5636835628985969,-0.37554499696105836,True
-0.9859944982029399,-1.3420843117702892,0.33422244446474125,True
-0.6828031065379612,-0.8152196471653012,-0.18825567617119823,True
-0.6607017709802988,-1.2107574541595905,-0.09175077178471318,True
-1.5162747202092088,-1.6123497522485348,-0.12630604424005673,True
-0.6846950732868657,-0.009605126149949031,0.3528356869342571,True
-0.7267149607597481,-0.9049342906047394,-0.6650240342730215,True
-0.7550569838120131,-1.5271652161794935,-0.019665830903910823,True
-0.9660437963937231,-1.924830362193653,-0.3444563793828563,True
-1.0627193141121691,-0.7642674842833674,0.3237469205146598,True
-0.9085925609668473,-0.6619490535664053,-0.5787904364866252,True
-0.6978039435150903,-1.1310276599961289,-0.26524836751760467,True
-1.2495960191728457,-1.0230004781482722,-0.612687378343892,True
-0.7332504922632448,-1.1896886054657057,-0.12567756496592095,True
-1.1847148776759107,-1.2893396959337269,-0.2476287319251548,True
-0.971105094555397,-0.6479067591640614,0.40187506555698643,True
-0.6974691521457634,-0.8184401494704631,-0.2749059126873774,True
-0.9242784775008219,-1.3967738244299164,-0.7861512548582799,True
-0.8413080506174012,-1.5167192637758833,-0.33249293191096,True
-0.9930302968102006,-0.78941592711565,0.2585747192543885,True
-0.8762945963617796,-1.536674572645727,-0.11089436274809784,True
-1.1536087358223774,-1.526414340445314,-0.42669588936916586,True
-0.6941315923174846,-0.6483016598745718,0.5166319998069315,True
-1.1367734871545812,-1.3700090115900307,-0.4992337487886309,True
-0.8679501430076313,-0.9676852324426523,-0.3477732773416198,True
-0.8631836692450083,-1.3790256581068703,0.3896032365002585,True
-0.7579326554541962,-0.9432534154008063,0.3331931482525967,True
-0.4983218065107559,-0.21091074885333158,-0.013091617346211934,True
-0.8336326375118601,-1.4313970057117993,0.2395592663739722,True
-0.9955607627651775,-0.9086438680600392,0.34272701189406296,True
-1.135299921291371,-1.323545312866301,-0.46956644108352724,True
-0.9764676795500598,-1.7762751306566689,-0.032926942606028284,True
-0.8362388893264682,-1.1612198337095867,0.21996319933361,True
-0.6593665362846636,-1.507830319914177,-0.7827891759235814,True
-0.6464788782417995,-1.1591595785756963,-0.5189452442108861,True
-0.9942847276091427,-1.0293858402866385,0.11092915515885733,True
-0.3412355031683636,-0.5543835720004231,-0.13036721580984764,True
-0.815191568557416,-0.8996365685222475,-0.16297232664596936,True
-0.9716624224789702,-0.9612381122085798,0.11061061503299174,True
-1.4557061675909326,-1.5580182665563118,-0.14629468161245632,True
-1.3251778269342636,-0.7167185332395203,0.30295946671583696,True
-0.7194999458284406,-0.627382857670922,-0.3172867013441228,True
-1.0176195102908197,-1.1277030487385704,0.3833913435811862,True
-1.0049987600727681,-0.4490653344851585,0.19208325983513636,True
-0.5432662080699906,-0.5343856022883028,-0.3804081561473576,True
-0.7734479671190131,-1.2680212016739336,-0.3622115985081074,True
-0.6553760876446854,-0.6441668096241093,-0.3881790283957277,True
-0.4071107354090133,-0.7501066620146771,-0.39696822560763984,True
-1.1566441609549865,-1.3606866599795149,-0.498977494529277,True
-0.5723744947031597,-0.5541109282966774,0.27801482905306857,True
-0.9324252773463394,-0.8556011196282021,0.288840885634855,True
-0.9336872080548332,-0.2758769645696976,0.2693165643586258,True
-0.9473626992710541,-1.6816797722263483,-0.4405325682305173,True
-1.0216012159837018,-0.750261598796484,0.10881366866205851,True
-0.9122583600366447,-1.014154068327974,0.3023370433751739,True
-1.227907177435991,-1.1080470859528568,0.10822829146911399,True
-1.0365005237899032,-1.525720518345814,0.15597092422196884,True
-0.9759214295016151,-0.6118985812871435,0.07092009309786163,True
-0.6308754043358022,-0.7876823643360553,-0.10309754494886159,True
-0.5885618815195696,-0.4710425278080557,0.04761996316358537,True
-1.1373623493303353,-1.6631959375904508,0.05354516473639197,True
-0.858631677514069,-1.029986494980397,0.12341692606694445,True
-1.2030342436334276,-0.9906594596649037,0.44906824570565285,True
-0.427102928749287,-1.827613690697908,0.10161058925403957,True
-1.3330835298167474,-0.9913312565757231,-0.5116355545895394,True
-1.2464415585834323,-1.4989347853293085,-0.5077932398928,True
-1.2110469946130222,-1.482885587850416,-0.3512461384786621,True
-0.6495473426310474,-0.8480544870450891,0.633709053337721,True
-0.6020443077864617,-0.346032949788887,-0.2601578917566635,True
-0.3968944592161634,-0.7818788902718062,-0.37139622633874614,True
-0.4541560810193647,-0.31970688003313724,-0.26051496605176777,True
-0.5707361220450777,-0.8896741704930528,-0.4331731965323563,True
-1.2516265794899446,-1.4559075456144013,-0.49008307418426417,True
-0.46723918516353596,-0.6978408422198443,-0.37430124125272995,True
-1.15741254839956,-1.1427730358818222,0.07893971547426373,True
-0.5451450093130827,-0.5879896558549207,0.19138091662113363,True
-1.0800997637564838,-1.6066395630099564,-0.4852205082818264,True
-1.1305294801102255,-1.5427143110806707,-0.2091708592960946,True
-0.5271781139575776,-1.7720013837349216,0.1199083994262416,True
-0.6552486249493712,-0.26902030042340086,-0.1239014753626599,True
-0.9874941243285121,-1.1326510261335352,-0.09486720739230547,True
-0.4381089806644747,-0.48337804287213787,-0.12220603477281913,True
-0.6577101323555629,-0.6933250540924926,-0.3349669101183864,True
-0.961270145970564,-1.0155833370395242,0.09315141288720154,True
-0.5694739403459609,-1.720563896647948,-0.37605719333391485,True
-0.9196462184460228,-1.0483788641909122,-0.5112625493919898,True
-1.201768304003668,-1.5357313548574185,0.35458904822560317,True
-1.1912629678292346,-1.3131165735769097,-0.21960709417773008,True
-1.0218946819418162,-0.7598278613715186,-0.43902055939447576,True
-0.6927862328974649,-0.05060562495320509,0.2567325742553898,True
-1.2133588575890937,-1.2601165377715253,-0.04933518473026945,True
-1.5310984076014917,-1.6691484152816696,-0.11473064511410587,True
-1.4182838298460696,-1.841761689954791,0.12855164314774356,True
-0.9126247331086382,-1.3837386004352348,-0.5767477568740075,True
-0.7141098186403348,-0.8417126718369005,0.29913011211759455,True
-0.9002445444295626,-0.7423205510927223,0.04718516563122913,True
-1.0466853278346269,-1.7748010443960773,-0.9476128006315745,True
-0.6100715565381561,-0.9061696222006784,0.5651413552266111,True
-1.238406342165181,-1.445667800034447,-0.42162212298424473,True
-0.818405172441656,-0.4578698945479886,0.2623654761074344,True
-0.7017421114155526,-1.15136495910918,-0.26334567955856686,True
-0.68527001457805,-1.1230404336170132,-0.2578248760433683,True
-1.2074753740321265,-0.9349282284734791,0.43291072964568217,True
-0.38537466354805255,-0.814112698138279,-0.36177748643766294,True
-1.0868594675179017,-0.9182858244261335,-0.0858377066807711,True
-0.9509714052690224,-0.9509965993270251,0.17882050549982598,True
-0.4398520458415494,-0.7945966924612166,-0.36602441594903856,True
-1.031589184162157,-1.1701392176742875,-0.1560993733379486,True
-1.321207772691519,-1.294866838143494,-0.003174815161144737,True
-1.1944371852594404,-1.348967574911655,-0.0010196071022147877,True
-0.6109805400895082,-0.702549463664551,-0.33736260217941816,True
-0.631895407399701,-1.2707233773470041,-0.07445958607025986,True
-0.7446056205204357,-0.8322932073699785,-0.27123578512736773,True
-0.5985662435054225,-0.4766063223878257,0.6875412854789272,True
-0.709887811937648,-1.1229528073406847,-0.17525363006795622,True
-0.8010703420544912,-0.6513175151194815,0.3955248260782491,True
-0.9180762047159003,-0.6888132663663454,-0.5823576655785272,True
-0.5664899330697815,-0.8385433313203319,0.4317541996802468,True
-0.5737824033071063,-0.49235490956250033,-0.21982034705341147,True
-0.5066804091581968,-1.920611209324748,-0.4943268550952721,True
-0.361226932183745,-0.1770108803239457,1.2431270039696838,True
-1.322720196274061,-1.8189074504008,0.12076778361089148,True
-0.8719629228149819,-1.5242389750051124,0.41090889866704766,True
-1.2951001995708504,-1.511553034675257,0.24513521161550877,True
-0.5114945475062562,-0.7440163526029653,-0.21332604047901235,True
-0.9637432118544537,-1.9082054698335231,-0.3817574644086779,True
-0.6412960072193469,-0.776331884626613,0.44916769641484633,True
-1.0724062776754006,-0.7859835448854724,0.24029386242020398,True
-0.9507340482429723,-0.6745943785967652,0.1143721904986082,True
-0.5126543748964452,-0.21274618665936176,-0.012891702111036239,True
-0.8168114729520211,-1.2718260375377506,-0.5003885099762413,True
-0.945905096433842,-1.5162697696825476,-0.4627621989735624,True
-0.6708272478629778,-1.0966568467624127,0.027860750670556864,True
-1.2758096792773026,-0.7356263494167671,0.25552388834503353,True
-0.9402367174370382,-1.4507420391856847,0.004429608905143982,True
-1.0155860298148687,-0.8040028677487212,-0.42840214038421504,True
-1.0577378766397796,-1.0207616453151083,0.22459174421806682,True
-1.2004105751823395,-1.3338589405705656,-0.26327556334445806,True
-0.8323761863029562,-1.4230861305154434,0.3809205460428383,True
-0.5006418573351665,-0.6515329130608416,0.07346953444264043,True
-0.9273688055691608,-1.3092049829295385,-0.6427844947695368,True
0.12939508108544673,-0.6021713974444544,-0.29270083105171957,True
-0.42895312728379853,-0.46649939790454276,0.7288911335654732,True
0.17158501912580984,-0.5972115227831472,-0.3117752853529361,True
-1.3312568449334672,-0.7116104945952566,0.28678484256381853,True
-0.8679026552536662,-1.0066800737832444,-0.45129262565182204,True
-0.15723478252613599,-0.634073912720829,-0.33283544573515805,True
-0.6109216757818353,-0.680121008040676,-0.4088707930175318,True
-1.4842330493195663,-1.566736868822499,-0.08886811345855573,True
-0.14782007215291787,-0.7814753455526248,-0.4009999564474022,True
-0.7552498616198343,-0.9177253115612166,0.40156906827261796,True
-0.7474994419067131,-0.0056274275405996665,0.32199654248715964,True
-1.486374773814652,-0.27114865593140564,0.3846236077108984,True
-0.9831919304918729,-1.921894081905401,-0.27471907990476907,True
-0.6470667139257018,-0.962343911076463,0.12357964431740831,True
-1.3089357917050486,-1.039329532963567,-0.645461134083566,True
-0.4959112118311619,-0.4699729864452009,-0.25792960653704355,True
-1.00063328138514,-1.6653153640376088,-0.7885908656326657,True
-0.7109803802138733,-0.8683147821717891,-0.012816693007697964,True
-1.1197751239399203,-1.5257710391322914,-0.060963837177117244,True
